{"metadata":{"asset_id":"7f5ddf66-d058-45e5-9754-64926e033b07","asset_attributes":["wml_model","location_definition"],"name":" P5 - Snap Random Forest Classifier: Machine_Maintenance_1","asset_type":"wml_model","created_at":"2025-08-03T16:46:56Z","origin_country":"gb","owner_id":"IBMid-6910011504","project_id":"55ce19d4-4b5f-4c64-8f81-5f5296e9b752","resource_key":"1f38dcfd-fb5e-4980-a466-51e46df54859","sandbox_id":"55ce19d4-4b5f-4c64-8f81-5f5296e9b752","size":47858,"usage":{"last_update_time":1754239617984,"last_updated_at":"2025-08-03T16:46:57Z"}},"entity":{"wml_model":{"content_import_state":"completed","content_location":{"contents":[{"content_format":"pipeline-node","file_name":"P5_automl.zip","location":"auto_ml/28af6f84-2f1d-4535-99db-753b3686adb1/wml_data/69410556-e85f-44a7-879d-43c1037011b3/assets/69410556-e85f-44a7-879d-43c1037011b3_P5_batch_ensemble_output/resources/wml_model/P5_automl.zip","pipeline_node_id":"automl"},{"content_format":"native","file_name":"pipeline_model.json","location":"auto_ml/28af6f84-2f1d-4535-99db-753b3686adb1/wml_data/69410556-e85f-44a7-879d-43c1037011b3/assets/69410556-e85f-44a7-879d-43c1037011b3_P5_batch_ensemble_output/resources/wml_model/pipeline_model.json"}],"location":{"assets_path":"auto_ml/28af6f84-2f1d-4535-99db-753b3686adb1/wml_data/69410556-e85f-44a7-879d-43c1037011b3/assets","notebooks_path":"auto_ml/28af6f84-2f1d-4535-99db-753b3686adb1/wml_data/69410556-e85f-44a7-879d-43c1037011b3/notebooks","path":"auto_ml/28af6f84-2f1d-4535-99db-753b3686adb1/wml_data","training":"auto_ml/28af6f84-2f1d-4535-99db-753b3686adb1/wml_data/69410556-e85f-44a7-879d-43c1037011b3","training_log":"auto_ml/28af6f84-2f1d-4535-99db-753b3686adb1/wml_data/69410556-e85f-44a7-879d-43c1037011b3/data/automl/training.log","training_status":"auto_ml/28af6f84-2f1d-4535-99db-753b3686adb1/wml_data/69410556-e85f-44a7-879d-43c1037011b3/training-status.json"},"type":"container"},"data_preprocessing":[{"input":{"columns":10,"rows":10000},"output":{"columns":10,"rows":10000},"props":{"type":"stratified"},"stage":"sampling"},{"input":{"columns":10,"rows":10000},"output":{"columns":10,"rows":10000},"props":{"duplicated_rows_count":0},"stage":"cleansing"}],"hybrid_pipeline_software_specs":[{"name":"autoai-kb_rt24.1-py3.11"}],"label_column":"Failure Type","metrics":[{"context":{"classes":["Heat Dissipation Failure","No Failure","Overstrain Failure","Power Failure","Random Failures","Tool Wear Failure"],"features_importance":[{"computation_type":"","features":{"NewFeature_2_pca_2":0.3899,"NewFeature_6_pca_6":0.088,"New_Feature_0_NSFA":0.0978,"New_Feature_1_NSFA":0.2208,"Target":0.2035},"stage":"Mean"}],"incremental_training":{},"intermediate_model":{"composition_steps":["Split_TrainingHoldout","TrainingDataset_full_9000_7","Column Selection","Datetime_FE","TrainingDataset_full_9000_7","Preprocessor_default","DAUB","hpo_d","cognito","hpo_c","Ensemble"],"duration":48674,"location":{"model":"auto_ml/28af6f84-2f1d-4535-99db-753b3686adb1/wml_data/69410556-e85f-44a7-879d-43c1037011b3/data/automl/batch_ensemble_output/Pipeline1/model.pickle","pipeline":"auto_ml/28af6f84-2f1d-4535-99db-753b3686adb1/wml_data/69410556-e85f-44a7-879d-43c1037011b3/data/automl/batch_ensemble_output/Pipeline1/pipeline.json","pipeline_model":"auto_ml/28af6f84-2f1d-4535-99db-753b3686adb1/wml_data/69410556-e85f-44a7-879d-43c1037011b3/data/automl/batch_ensemble_output/Pipeline1/pipeline-model.json"},"name":"P5","notebook_location":"auto_ml/28af6f84-2f1d-4535-99db-753b3686adb1/wml_data/69410556-e85f-44a7-879d-43c1037011b3/data/automl/batch_ensemble_output/Pipeline1/incremental_learning_notebook.ipynb","pipeline_nodes":["ColumnSelector","PreprocessingTransformer","autoai_libs.cognito.transforms.transform_utils.TAM","autoai_libs.cognito.transforms.transform_utils.FS1","autoai_libs.cognito.transforms.transform_utils.NSFA","BatchedTreeEnsembleClassifier(base_estimator=SnapRandomForestClassifier)"],"process":"batch_ensemble_output","schema_location":"auto_ml/28af6f84-2f1d-4535-99db-753b3686adb1/wml_data/69410556-e85f-44a7-879d-43c1037011b3/data/automl/batch_ensemble_output/Pipeline1/schema.json"},"multi_class_classification":{"one_vs_all_location":"auto_ml/28af6f84-2f1d-4535-99db-753b3686adb1/wml_data/69410556-e85f-44a7-879d-43c1037011b3/data/automl/batch_ensemble_output/Pipeline1/one_vs_all.json"},"phase":"batch_ensemble_output","prediction_type":"classification","target_column":"Failure Type"},"ml_metrics":{"holdout_accuracy":0.997,"holdout_f1_macro":0.8154203710469695,"holdout_f1_micro":0.997,"holdout_f1_weighted":0.9960066374375837,"holdout_neg_log_loss":-0.025127921052188015,"holdout_precision_macro":0.8144701060936841,"holdout_precision_micro":0.997,"holdout_precision_weighted":0.9951152476157648,"holdout_recall_macro":0.8181818181818182,"holdout_recall_micro":0.997,"holdout_recall_weighted":0.997,"training_accuracy":0.9951111111111111,"training_f1_macro":0.7737019679696858,"training_f1_micro":0.9951111111111111,"training_f1_weighted":0.9942391604203057,"training_neg_log_loss":-0.09374671977185382,"training_precision_macro":0.7843450772165835,"training_precision_micro":0.9951111111111111,"training_precision_weighted":0.9935838238748124,"training_recall_macro":0.7681318011641861,"training_recall_micro":0.9951111111111111,"training_recall_weighted":0.9951111111111111},"timestamp":"2025-08-03T16:40:21Z"}],"pipeline":{"id":"c142c3cb-e0b9-4bdb-85b7-ba28d17a0b8a"},"schemas":{"input":[{"fields":[{"name":"UDI","nullable":false,"type":"double"},{"name":"Product ID","nullable":false,"type":"other"},{"name":"Type","nullable":false,"type":"other"},{"name":"Air temperature [K]","nullable":false,"type":"double"},{"name":"Process temperature [K]","nullable":false,"type":"double"},{"name":"Rotational speed [rpm]","nullable":false,"type":"double"},{"name":"Torque [Nm]","nullable":false,"type":"double"},{"name":"Tool wear [min]","nullable":false,"type":"double"},{"name":"Target","nullable":false,"type":"double"}],"id":"auto_ai_kb_input_schema"}],"output":[]},"software_spec":{"id":"8c1a58c6-62b5-4dc4-987a-df751c2756b6","name":"hybrid_0.1"},"training_data_references":[{"connection":{},"id":"predictive_maintenance.csv","location":{"href":"/v2/assets/2c4a9344-d8d7-482f-9017-a091e7fd1839?project_id=55ce19d4-4b5f-4c64-8f81-5f5296e9b752","id":"2c4a9344-d8d7-482f-9017-a091e7fd1839","project_id":"55ce19d4-4b5f-4c64-8f81-5f5296e9b752","userfs":"false"},"schema":{"fields":[{"name":"UDI","nullable":false,"type":"double"},{"name":"Product ID","nullable":false,"type":"other"},{"name":"Type","nullable":false,"type":"other"},{"name":"Air temperature [K]","nullable":false,"type":"double"},{"name":"Process temperature [K]","nullable":false,"type":"double"},{"name":"Rotational speed [rpm]","nullable":false,"type":"double"},{"name":"Torque [Nm]","nullable":false,"type":"double"},{"name":"Tool wear [min]","nullable":false,"type":"double"},{"name":"Target","nullable":false,"type":"double"},{"name":"Failure Type","nullable":false,"type":"other"}],"id":"auto_ai_kb_input_schema"},"type":"data_asset"}],"training_id":"69410556-e85f-44a7-879d-43c1037011b3","type":"wml-hybrid_0.1","ml_version":"4.0.19"}},"attachments":[{"id":"ee18ad3d-41de-449a-8d72-8a4ec74fcebb","version":2,"asset_type":"wml_model","name":"P5_automl.zip","datasource_type":"193a97c1-4475-4a19-b90c-295c4fdc6517","creator_id":"IBMid-6910011504","create_time":1754239616579,"size":45638,"is_remote":false,"is_managed":true,"is_referenced":false,"is_object_key_read_only":false,"is_user_provided_path_key":false,"transfer_complete":true,"is_partitioned":false,"complete_time_ticks":1754239617890,"user_data":{"content_format":"pipeline-node","pipeline_node_id":"automl"},"test_doc":0,"handle":{"bucket":"predictivemaintenanceofindustrial-donotdelete-pr-mstlzukgi4iaha","location":"eu-gb","type":"bluemix_cos","key":"b184cdf1-25ed-4ab9-893c-2b4392df2d4e/7f5ddf66-d058-45e5-9754-64926e033b07/ee18ad3d-41de-449a-8d72-8a4ec74fcebb","upload_id":"done","max_part_num":1},"usage":{"access_count":1,"last_accessor_id":"IBMid-6910011504","last_access_time":1754239617890,"last_updater_id":"IBMid-6910011504","last_update_time":1754239617890}},{"id":"74c73225-bb83-41fb-8378-f192ed93dc54","version":2,"asset_type":"wml_model","name":"pipeline_model.json","datasource_type":"193a97c1-4475-4a19-b90c-295c4fdc6517","creator_id":"IBMid-6910011504","create_time":1754239616658,"size":2220,"is_remote":false,"is_managed":true,"is_referenced":false,"is_object_key_read_only":false,"is_user_provided_path_key":false,"transfer_complete":true,"is_partitioned":false,"complete_time_ticks":1754239617984,"user_data":{"content_format":"native"},"test_doc":0,"handle":{"bucket":"predictivemaintenanceofindustrial-donotdelete-pr-mstlzukgi4iaha","location":"eu-gb","type":"bluemix_cos","key":"b184cdf1-25ed-4ab9-893c-2b4392df2d4e/7f5ddf66-d058-45e5-9754-64926e033b07/74c73225-bb83-41fb-8378-f192ed93dc54","upload_id":"done","max_part_num":1},"usage":{"access_count":1,"last_accessor_id":"IBMid-6910011504","last_access_time":1754239617984,"last_updater_id":"IBMid-6910011504","last_update_time":1754239617984}}]}
